Market,Month,BU,Channel,KPI,YTD,LYTD,R12M,LMR12M,Target
All Markets,01-Jan,MUSE,All,Total Sales,58370484,54327715,654628578,650585809,59783445.7
All Markets,01-Jan,MUSE,All,Sales Penetration,0.4203,0.4705,0.4341,0.4382,0.651620139
All Markets,01-Jan,MUSE,All,Transacting Members,190096,194799,1473566,1472093,211066.6467
All Markets,01-Jan,MUSE,All,New Members,72147,69951,792164,789968,109754.6563
All Markets,01-Jan,MUSE,All,Returning Members,117949,124848,681402,682125,101311.9904
All Markets,01-Jan,MUSE,All,Average Frequency,1.22,1.23,1.84,1.84,1.2423
All Markets,01-Jan,MUSE,All,Average Order Value,252,227,242,240,228
All Markets,01-Jan,MUSE,All,Redeeming Members %,0.1503,0.1551,0.1657,0.1666,0.232732733
All Markets,01-Jan,MUSE,All,Cross Brand Plus %,0.0636,0.0662,0.2202,0.226,0.084352081
All Markets,01-Jan,MUSE,All,New Brand Adopters %,0.2059,0.2449,0.2381,0.2407,0.242676496
All Markets,01-Jan,MUSE,All,Average Brands Shopped,1.07,1.07,1.29,1.3,1.1556
All Markets,01-Jan,MUSE,All,Points Burned Value,475499,611991,5481736,5618228,
All Markets,02-Feb,MUSE,All,Total Sales,111272343,101422336,660435815,654628578,111604763.6
All Markets,02-Feb,MUSE,All,Sales Penetration,0.4279,0.4688,0.4323,0.4341,0.646004271
All Markets,02-Feb,MUSE,All,Transacting Members,328845,334828,1474888,1473566,361429.2544
All Markets,02-Feb,MUSE,All,New Members,130713,130730,789951,792164,187943.2123
All Markets,02-Feb,MUSE,All,Returning Members,198132,204098,684937,681402,173486.0421
All Markets,02-Feb,MUSE,All,Average Frequency,1.28,1.28,1.84,1.84,1.3029
All Markets,02-Feb,MUSE,All,Average Order Value,264,236,244,242,237
All Markets,02-Feb,MUSE,All,Redeeming Members %,0.1492,0.1523,0.1654,0.1657,0.228528529
All Markets,02-Feb,MUSE,All,Cross Brand Plus %,0.0855,0.0849,0.2168,0.2202,0.109359453
All Markets,02-Feb,MUSE,All,New Brand Adopters %,0.2118,0.2409,0.2382,0.2381,0.239424617
All Markets,02-Feb,MUSE,All,Average Brands Shopped,1.09,1.1,1.29,1.29,1.188
All Markets,02-Feb,MUSE,All,Points Burned Value,879964,1050264,5447928,5481736,
All Markets,03-Mar,MUSE,All,Total Sales,196530937,162435094,684681652,660435815,200348223.5
All Markets,03-Mar,MUSE,All,Sales Penetration,0.4302,0.4658,0.4299,0.4323,0.726181961
All Markets,03-Mar,MUSE,All,Transacting Members,538411,493890,1511986,1474888,597303.757
All Markets,03-Mar,MUSE,All,New Members,224583,201023,813525,789951,310597.9536
All Markets,03-Mar,MUSE,All,Returning Members,313828,292867,698461,684937,286705.8033
All Markets,03-Mar,MUSE,All,Average Frequency,1.37,1.35,1.84,1.84,1.3635
All Markets,03-Mar,MUSE,All,Average Order Value,267,243,246,244,246
All Markets,03-Mar,MUSE,All,Redeeming Members %,0.1464,0.1517,0.1643,0.1654,0.228978979
All Markets,03-Mar,MUSE,All,Cross Brand Plus %,0.1121,0.1075,0.2148,0.2168,0.150976139
All Markets,03-Mar,MUSE,All,New Brand Adopters %,0.2184,0.2454,0.236,0.2382,0.217745068
All Markets,03-Mar,MUSE,All,Average Brands Shopped,1.13,1.12,1.29,1.29,1.2204
All Markets,03-Mar,MUSE,All,Points Burned Value,1527216,1534752,5610692,5447928,
All Markets,04-Apr,MUSE,All,Total Sales,248541975,222925970,676201813,684681652,243279985.6
All Markets,04-Apr,MUSE,All,Sales Penetration,0.4326,0.4624,0.4287,0.4299,0.643752495
All Markets,04-Apr,MUSE,All,Transacting Members,649861,640655,1492545,1511986,731242.48
All Markets,04-Apr,MUSE,All,New Members,279808,268337,801439,813525,380246.0896
All Markets,04-Apr,MUSE,All,Returning Members,370053,372318,691106,698461,350996.3904
All Markets,04-Apr,MUSE,All,Average Frequency,1.42,1.42,1.83,1.84,1.3635
All Markets,04-Apr,MUSE,All,Average Order Value,269,244,248,246,244
All Markets,04-Apr,MUSE,All,Redeeming Members %,0.1482,0.1535,0.1634,0.1643,0.23018018
All Markets,04-Apr,MUSE,All,Cross Brand Plus %,0.1275,0.1282,0.2102,0.2148,0.164311374
All Markets,04-Apr,MUSE,All,New Brand Adopters %,0.2223,0.251,0.234,0.236,0.235969761
All Markets,04-Apr,MUSE,All,Average Brands Shopped,1.15,1.15,1.28,1.29,1.242
All Markets,04-Apr,MUSE,All,Points Burned Value,2002411,1998173,5622466,5610692,
All Markets,05-May,MUSE,All,Sales Penetration,0.4275,0.4704,0.4214,0.4287,0.654182472
All Markets,05-May,MUSE,All,New Members,351998,331755,810209,801439,431556.6058
All Markets,05-May,MUSE,All,Returning Members,440677,432375,698031,691106,398359.9438
All Markets,05-May,MUSE,All,New Brand Adopters %,0.2248,0.2519,0.2326,0.234,0.248850186
All Markets,05-May,MUSE,All,Total Sales,313427038,276789368,687223479,676201813,304741705.4
All Markets,05-May,MUSE,All,Transacting Members,792675,764130,1508240,1492545,829916.5497
All Markets,05-May,MUSE,All,Average Frequency,1.49,1.49,1.83,1.83,1.5049
All Markets,05-May,MUSE,All,Average Order Value,266,243,250,248,244
All Markets,05-May,MUSE,All,Redeeming Members %,0.1527,0.1579,0.1625,0.1634,0.236786787
All Markets,05-May,MUSE,All,Cross Brand Plus %,0.1461,0.1467,0.2092,0.2102,0.186675316
All Markets,05-May,MUSE,All,Average Brands Shopped,1.17,1.18,1.28,1.28,1.2744
All Markets,05-May,MUSE,All,Points Burned Value,2606308,2512503,5712033,5622466,
All Markets,06-Jun,MUSE,All,Total Sales,377706018,338252170,690048443,689070889,388934184.4
All Markets,06-Jun,MUSE,All,Sales Penetration,0.6347,0.6161,0.6287,0.6292,0.662846094
All Markets,06-Jun,MUSE,All,Transacting Members,924612,905293,1499169,1508505,943012.6773
All Markets,06-Jun,MUSE,All,New Members,421072,408990,802098,810237,425989.2934
All Markets,06-Jun,MUSE,All,Returning Members,503540,496303,697071,698268,517023.3839
All Markets,06-Jun,MUSE,All,Average Frequency,1.55,1.56,1.83,1.83,1.57
All Markets,06-Jun,MUSE,All,Average Order Value,263,239,252,250,262.6993103
All Markets,06-Jun,MUSE,All,Redeeming Members %,0.1557,0.1601,0.1622,0.1625,0.15965648
All Markets,06-Jun,MUSE,All,Cross Brand Plus %,0.1627,0.167,0.2082,0.2094,0.176969883
All Markets,06-Jun,MUSE,All,New Brand Adopters %,0.2297,0.2533,0.2314,0.2334,0.224659049
All Markets,06-Jun,MUSE,All,Average Brands Shopped,1.2,1.21,1.28,1.28,1.193344351
All Markets,06-Jun,MUSE,All,Points Burned Value,3152791,3059648,5712008,5713177,
All Markets,07-Jul,MUSE,All,Total Sales,435773941,389885049,696480946,690691607,446616616.3
All Markets,07-Jul,MUSE,All,Sales Penetration,0.6333,0.6135,0.6235,0.6241,0.66830533
All Markets,07-Jul,MUSE,All,Transacting Members,1046379,1021562,1502843,1500098,1068845.07
All Markets,07-Jul,MUSE,All,New Members,493438,476660,806792,802543,498677.462
All Markets,07-Jul,MUSE,All,Returning Members,552941,544902,696051,697555,570167.6084
All Markets,07-Jul,MUSE,All,Average Frequency,1.61,1.62,1.82,1.83,1.621719748
All Markets,07-Jul,MUSE,All,Average Order Value,259,235,254,252,257.6584043
All Markets,07-Jul,MUSE,All,Redeeming Members %,0.1572,0.1608,0.1622,0.1622,0.167878761
All Markets,07-Jul,MUSE,All,Cross Brand Plus %,0.1763,0.1808,0.209,0.2086,0.190800495
All Markets,07-Jul,MUSE,All,New Brand Adopters %,0.2295,0.2536,0.2282,0.2316,0.224889684
All Markets,07-Jul,MUSE,All,Average Brands Shopped,1.21,1.23,1.28,1.28,1.208563521
All Markets,07-Jul,MUSE,All,Points Burned Value,3674740,3446095,5848822,5716270,
All Markets,08-Aug,MUSE,All,Total Sales,492467213,436690908,706368360,699894851,500996623.5
All Markets,08-Aug,MUSE,All,Sales Penetration,0.638,0.6165,0.6262,0.6272,0.670700613
All Markets,08-Aug,MUSE,All,Transacting Members,1148932,1119331,1506559,1504364,1176482.94
All Markets,08-Aug,MUSE,All,New Members,556277,535910,810382,806926,563225.874
All Markets,08-Aug,MUSE,All,Returning Members,592655,583421,696177,697438,613257.0661
All Markets,08-Aug,MUSE,All,Average Frequency,1.66,1.67,1.83,1.83,1.665605622
All Markets,08-Aug,MUSE,All,Average Order Value,258,234,256,254,255.6683607
All Markets,08-Aug,MUSE,All,Redeeming Members %,0.1568,0.1613,0.1613,0.1621,0.174301704
All Markets,08-Aug,MUSE,All,Cross Brand Plus %,0.1873,0.1914,0.2107,0.2097,0.201442792
All Markets,08-Aug,MUSE,All,New Brand Adopters %,0.2326,0.254,0.2272,0.2301,0.225365566
All Markets,08-Aug,MUSE,All,Average Brands Shopped,1.24,1.24,1.28,1.28,1.21933349
All Markets,08-Aug,MUSE,All,Points Burned Value,4071931,3820739,5880971,5858806,
All Markets,09-Sep,MUSE,All,Total Sales,542739797,480601753,712729277,706334021,552289186.3
All Markets,09-Sep,MUSE,All,Sales Penetration,0.6367,0.6168,0.6265,0.6261,0.670904825
All Markets,09-Sep,MUSE,All,Transacting Members,1232767,1197696,1510572,1506674,1264733.255
All Markets,09-Sep,MUSE,All,New Members,610481,588303,812189,810402,621181.8485
All Markets,09-Sep,MUSE,All,Returning Members,622286,609393,698383,696272,643551.4067
All Markets,09-Sep,MUSE,All,Average Frequency,1.7,1.71,1.83,1.83,1.707774208
All Markets,09-Sep,MUSE,All,Average Order Value,259,235,258,256,255.703782
All Markets,09-Sep,MUSE,All,Redeeming Members %,0.1576,0.1626,0.1613,0.1613,0.180974517
All Markets,09-Sep,MUSE,All,Cross Brand Plus %,0.1956,0.1999,0.2122,0.211,0.209933373
All Markets,09-Sep,MUSE,All,New Brand Adopters %,0.2313,0.2517,0.2261,0.2273,0.223002672
All Markets,09-Sep,MUSE,All,Average Brands Shopped,1.25,1.26,1.28,1.29,1.22626216
All Markets,09-Sep,MUSE,All,Points Burned Value,4489288,4183033,5936660,5882347,
All Markets,10-Oct,MUSE,All,Total Sales,598438015,529034519,719969021,712597430,608993609
All Markets,10-Oct,MUSE,All,Sales Penetration,0.634,0.616,0.6263,0.6265,0.67120567
All Markets,10-Oct,MUSE,All,Transacting Members,1314927,1279024,1511329,1510562,1356944.874
All Markets,10-Oct,MUSE,All,New Members,665083,647342,807750,812183,686727.3688
All Markets,10-Oct,MUSE,All,Returning Members,649844,631682,703579,698379,670217.505
All Markets,10-Oct,MUSE,All,Average Frequency,1.74,1.75,1.83,1.83,1.746811671
All Markets,10-Oct,MUSE,All,Average Order Value,261,237,260,258,256.9238642
All Markets,10-Oct,MUSE,All,Redeeming Members %,0.1578,0.1632,0.1614,0.1615,0.186683403
All Markets,10-Oct,MUSE,All,Cross Brand Plus %,0.2026,0.2073,0.2137,0.2123,0.217252314
All Markets,10-Oct,MUSE,All,New Brand Adopters %,0.2299,0.2477,0.2266,0.2261,0.21902149
All Markets,10-Oct,MUSE,All,Average Brands Shopped,1.26,1.27,1.28,1.28,1.231823961
All Markets,10-Oct,MUSE,All,Points Burned Value,4883168,4576148,5942608,5935757,
All Markets,11-Nov,MUSE,All,Total Sales,664184477,587008877,727769813,719988457,676829678.2
All Markets,11-Nov,MUSE,All,Sales Penetration,0.6302,0.6138,0.6264,0.6264,0.66683852
All Markets,11-Nov,MUSE,All,Transacting Members,1412461,1373432,1512694,1511564,1463890.004
All Markets,11-Nov,MUSE,All,New Members,730696,716278,804400,807774,763429.1091
All Markets,11-Nov,MUSE,All,Returning Members,681765,657154,708294,703790,700460.895
All Markets,11-Nov,MUSE,All,Average Frequency,1.79,1.8,1.83,1.83,1.796553205
All Markets,11-Nov,MUSE,All,Average Order Value,263,238,262,260,257.3539658
All Markets,11-Nov,MUSE,All,Redeeming Members %,0.158,0.164,0.1607,0.1613,0.194318893
All Markets,11-Nov,MUSE,All,Cross Brand Plus %,0.2114,0.2166,0.2164,0.2138,0.226564127
All Markets,11-Nov,MUSE,All,New Brand Adopters %,0.2283,0.244,0.2268,0.2267,0.215342722
All Markets,11-Nov,MUSE,All,Average Brands Shopped,1.27,1.28,1.28,1.28,1.240431324
All Markets,11-Nov,MUSE,All,Points Burned Value,5373203,5065596,5942262,5944116,
All Markets,12-Dec,MUSE,All,Total Sales,733108157,650594212,733108157,727763400,735912549
All Markets,12-Dec,MUSE,All,Sales Penetration,0.627,0.6116,0.627,0.6267,0.632
All Markets,12-Dec,MUSE,All,Transacting Members,1508787,1472074,1508787,1513090,1511229
All Markets,12-Dec,MUSE,All,New Members,798550,790005,798550,804474,816064
All Markets,12-Dec,MUSE,All,Returning Members,710237,682069,710237,708616,695165
All Markets,12-Dec,MUSE,All,Average Frequency,1.83,1.84,1.83,1.83,1.843774094
All Markets,12-Dec,MUSE,All,Average Order Value,265,240,265,262,258.5348186
All Markets,12-Dec,MUSE,All,Redeeming Members %,0.1566,0.1664,0.1566,0.1607,0.167
All Markets,12-Dec,MUSE,All,Cross Brand Plus %,0.2192,0.226,0.2192,0.2165,0.221
All Markets,12-Dec,MUSE,All,New Brand Adopters %,0.2268,0.2407,0.2268,0.2269,0.227
All Markets,12-Dec,MUSE,All,Average Brands Shopped,1.28,1.3,1.28,1.28,1.248035174
All Markets,12-Dec,MUSE,All,Points Burned Value,5850363,5635914,5850363,5948293,
Bahrain,01-Jan,MUSE,All,Total Sales,2718109,3747057,33249015,34277963,2989172.285
Bahrain,01-Jan,MUSE,All,Sales Penetration,0.8591,0.9176,0.8786,0.8843,0.718350417
Bahrain,01-Jan,MUSE,All,Transacting Members,9054,11087,70382,71502,8469.287771
Bahrain,01-Jan,MUSE,All,New Members,4144,6029,46008,47893,4065.25813
Bahrain,01-Jan,MUSE,All,Returning Members,4910,5058,24374,23609,4404.029641
Bahrain,01-Jan,MUSE,All,Average Frequency,1.23,1.29,1.81,1.83,1.3287
Bahrain,01-Jan,MUSE,All,Average Order Value,244,263,261,262,265.63
Bahrain,01-Jan,MUSE,All,Redeeming Members %,0.1555,0.1556,0.163,0.1634,0.15
Bahrain,01-Jan,MUSE,All,Cross Brand Plus %,0.0421,0.0447,0.1283,0.1305,0.0630652
Bahrain,01-Jan,MUSE,All,New Brand Adopters %,0.1345,0.104,0.1365,0.1297,0.353241233
Bahrain,01-Jan,MUSE,All,Average Brands Shopped,1.04,1.05,1.15,1.15,1.134
Bahrain,01-Jan,MUSE,All,Points Burned Value,28805,42057,297289,310540,
Bahrain,02-Feb,MUSE,All,Total Sales,4988936,5920180,33346718,33249015,5580238.18
Bahrain,02-Feb,MUSE,All,Sales Penetration,0.8596,0.8888,0.8797,0.8786,0.823475383
Bahrain,02-Feb,MUSE,All,Transacting Members,15433,16936,70688,70382,15392.75226
Bahrain,02-Feb,MUSE,All,New Members,7410,9545,45758,46008,7388.521085
Bahrain,02-Feb,MUSE,All,Returning Members,8023,7391,24930,24374,8004.231176
Bahrain,02-Feb,MUSE,All,Average Frequency,1.28,1.32,1.81,1.81,1.3596
Bahrain,02-Feb,MUSE,All,Average Order Value,253,264,261,261,266.64
Bahrain,02-Feb,MUSE,All,Redeeming Members %,0.1534,0.1556,0.1626,0.163,0.15
Bahrain,02-Feb,MUSE,All,Cross Brand Plus %,0.0548,0.0533,0.1289,0.1283,0.077034383
Bahrain,02-Feb,MUSE,All,New Brand Adopters %,0.1378,0.1082,0.1396,0.1365,0.300783473
Bahrain,02-Feb,MUSE,All,Average Brands Shopped,1.06,1.06,1.15,1.15,1.1448
Bahrain,02-Feb,MUSE,All,Points Burned Value,48871,63358,296054,297289,
Bahrain,03-Mar,MUSE,All,Total Sales,8316888,8884606,33710245,33346718,10017411.17
Bahrain,03-Mar,MUSE,All,Sales Penetration,0.8703,0.8797,0.882,0.8797,0.975797462
Bahrain,03-Mar,MUSE,All,Transacting Members,23272,23572,71367,70688,25559.66563
Bahrain,03-Mar,MUSE,All,New Members,11064,13423,45534,45758,12268.6395
Bahrain,03-Mar,MUSE,All,Returning Members,12208,10149,25833,24930,13291.02613
Bahrain,03-Mar,MUSE,All,Average Frequency,1.35,1.38,1.82,1.81,1.4214
Bahrain,03-Mar,MUSE,All,Average Order Value,264,273,260,261,275.73
Bahrain,03-Mar,MUSE,All,Redeeming Members %,0.1546,0.1518,0.1642,0.1626,0.15
Bahrain,03-Mar,MUSE,All,Cross Brand Plus %,0.0703,0.065,0.1301,0.1289,0.105844829
Bahrain,03-Mar,MUSE,All,New Brand Adopters %,0.1492,0.1147,0.1447,0.1396,0.257704225
Bahrain,03-Mar,MUSE,All,Average Brands Shopped,1.08,1.07,1.16,1.15,1.1556
Bahrain,03-Mar,MUSE,All,Points Burned Value,78325,84970,303896,296054,
Bahrain,04-Apr,MUSE,All,Total Sales,10482036,12429711,32330288,33710245,12163999.28
Bahrain,04-Apr,MUSE,All,Sales Penetration,0.866,0.8823,0.8791,0.882,0.84883036
Bahrain,04-Apr,MUSE,All,Transacting Members,28516,30351,70389,71367,28553.79789
Bahrain,04-Apr,MUSE,All,New Members,14078,17670,44301,45534,13705.82299
Bahrain,04-Apr,MUSE,All,Returning Members,14438,12681,26088,25833,14847.97491
Bahrain,04-Apr,MUSE,All,Average Frequency,1.4,1.5,1.78,1.82,1.545
Bahrain,04-Apr,MUSE,All,Average Order Value,263,273,259,260,275.73
Bahrain,04-Apr,MUSE,All,Redeeming Members %,0.1576,0.1535,0.1642,0.1642,0.15
Bahrain,04-Apr,MUSE,All,Cross Brand Plus %,0.0788,0.0745,0.1294,0.1301,0.126236927
Bahrain,04-Apr,MUSE,All,New Brand Adopters %,0.1513,0.1203,0.147,0.1447,0.300958184
Bahrain,04-Apr,MUSE,All,Average Brands Shopped,1.09,1.08,1.15,1.16,1.1664
Bahrain,04-Apr,MUSE,All,Points Burned Value,99840,110716,299664,303896,
Bahrain,05-May,MUSE,All,Total Sales,13319247,15087095,32510115,32330288,15237085.27
Bahrain,05-May,MUSE,All,Transacting Members,34835,36188,70666,70389,35095.64979
Bahrain,05-May,MUSE,All,New Members,17653,21627,43919,44301,16845.9119
Bahrain,05-May,MUSE,All,Returning Members,17182,14561,26747,26088,18249.73789
Bahrain,05-May,MUSE,All,Average Order Value,262,270,259,259,273.71
Bahrain,05-May,MUSE,All,Redeeming Members %,0.163,0.1579,0.1649,0.1642,0.15
Bahrain,05-May,MUSE,All,Cross Brand Plus %,0.092,0.0848,0.1305,0.1294,0.132430886
Bahrain,05-May,MUSE,All,New Brand Adopters %,0.1552,0.1248,0.1497,0.147,0.295664463
Bahrain,05-May,MUSE,All,Sales Penetration,0.8672,0.8856,0.8767,0.8791,0.87908585
Bahrain,05-May,MUSE,All,Average Frequency,1.46,1.54,1.78,1.78,1.5862
Bahrain,05-May,MUSE,All,Average Brands Shopped,1.1,1.1,1.15,1.15,1.188
Bahrain,05-May,MUSE,All,Points Burned Value,130366,140318,300588,299664,
Bahrain,06-Jun,MUSE,All,Total Sales,16473292,19095333,31655922,32542583,17850625
Bahrain,06-Jun,MUSE,All,Sales Penetration,0.8707,0.8891,0.8744,0.8776,0.89
Bahrain,06-Jun,MUSE,All,Transacting Members,41299,43881,69508,70696,40930.76114
Bahrain,06-Jun,MUSE,All,New Members,21371,26868,42422,43952,19646.76535
Bahrain,06-Jun,MUSE,All,Returning Members,19928,17013,27086,26744,21283.99579
Bahrain,06-Jun,MUSE,All,Average Frequency,1.52,1.62,1.76,1.78,1.52
Bahrain,06-Jun,MUSE,All,Average Order Value,262,269,258,259,272.7
Bahrain,06-Jun,MUSE,All,Redeeming Members %,0.1662,0.1624,0.1647,0.1649,0.16
Bahrain,06-Jun,MUSE,All,Cross Brand Plus %,0.1037,0.0972,0.1304,0.1305,0.15172
Bahrain,06-Jun,MUSE,All,New Brand Adopters %,0.1609,0.1284,0.1543,0.15,0.163438276
Bahrain,06-Jun,MUSE,All,Average Brands Shopped,1.12,1.11,1.16,1.16,1.1988
Bahrain,06-Jun,MUSE,All,Points Burned Value,161288,176945,294884,300588,
Bahrain,07-Jul,MUSE,All,Total Sales,19499407,21520842,32256529,32298134,19907085
Bahrain,07-Jul,MUSE,All,Sales Penetration,0.914,0.8911,0.9034,0.9046,0.89
Bahrain,07-Jul,MUSE,All,Transacting Members,47555,49234,70273,70122,47027.17358
Bahrain,07-Jul,MUSE,All,New Members,25479,30744,42654,42890,22573.04332
Bahrain,07-Jul,MUSE,All,Returning Members,22076,18490,27619,27232,24454.13026
Bahrain,07-Jul,MUSE,All,Average Frequency,1.55,1.65,1.75,1.76,1.62235619
Bahrain,07-Jul,MUSE,All,Average Order Value,264,265,262,262,268.66
Bahrain,07-Jul,MUSE,All,Redeeming Members %,0.1625,0.1635,0.1614,0.1633,0.16
Bahrain,07-Jul,MUSE,All,Cross Brand Plus %,0.109,0.104,0.1302,0.1304,0.16186
Bahrain,07-Jul,MUSE,All,New Brand Adopters %,0.1624,0.1296,0.1562,0.1541,0.164625868
Bahrain,07-Jul,MUSE,All,Average Brands Shopped,1.13,1.12,1.16,1.16,1.2096
Bahrain,07-Jul,MUSE,All,Points Burned Value,180233,199010,291764,294884,
Bahrain,08-Aug,MUSE,All,Total Sales,21623216,23796499,32104680,32272721,20520559
Bahrain,08-Aug,MUSE,All,Sales Penetration,0.9049,0.8922,0.8981,0.9037,0.89
Bahrain,08-Aug,MUSE,All,Transacting Members,52525,53992,70364,70283,52133.91422
Bahrain,08-Aug,MUSE,All,New Members,28713,34370,42262,42662,25024.27883
Bahrain,08-Aug,MUSE,All,Returning Members,23812,19622,28102,27621,27109.63539
Bahrain,08-Aug,MUSE,All,Average Frequency,1.58,1.67,1.75,1.75,1.7304
Bahrain,08-Aug,MUSE,All,Average Order Value,261,263,261,262,266.64
Bahrain,08-Aug,MUSE,All,Redeeming Members %,0.1622,0.1627,0.1615,0.1613,0.16
Bahrain,08-Aug,MUSE,All,Cross Brand Plus %,0.1147,0.1094,0.1314,0.1302,0.17028
Bahrain,08-Aug,MUSE,All,New Brand Adopters %,0.1634,0.1301,0.1584,0.1562,0.165111868
Bahrain,08-Aug,MUSE,All,Average Brands Shopped,1.13,1.13,1.16,1.16,1.2204
Bahrain,08-Aug,MUSE,All,Points Burned Value,196175,217599,289117,291764,
Bahrain,09-Sep,MUSE,All,Total Sales,23151801,25781147,31648616,32104680,21967447
Bahrain,09-Sep,MUSE,All,Sales Penetration,0.8996,0.8925,0.8947,0.8981,0.89
Bahrain,09-Sep,MUSE,All,Transacting Members,55742,57350,70177,70363,56544.22204
Bahrain,09-Sep,MUSE,All,New Members,30862,36869,41912,42261,27141.22658
Bahrain,09-Sep,MUSE,All,Returning Members,24880,20481,28265,28102,29402.99546
Bahrain,09-Sep,MUSE,All,Average Frequency,1.61,1.71,1.75,1.75,1.7613
Bahrain,09-Sep,MUSE,All,Average Order Value,258,263,258,261,266.64
Bahrain,09-Sep,MUSE,All,Redeeming Members %,0.1621,0.1629,0.1619,0.1615,0.16
Bahrain,09-Sep,MUSE,All,Cross Brand Plus %,0.1191,0.1145,0.1317,0.1314,0.17367
Bahrain,09-Sep,MUSE,All,New Brand Adopters %,0.1648,0.131,0.1597,0.1584,0.166037489
Bahrain,09-Sep,MUSE,All,Average Brands Shopped,1.14,1.13,1.16,1.16,1.2204
Bahrain,09-Sep,MUSE,All,Points Burned Value,208499,232171,286868,289117,
Bahrain,10-Oct,MUSE,All,Total Sales,24408041,27887510,30798494,31648616,25279354
Bahrain,10-Oct,MUSE,All,Sales Penetration,0.897,0.8932,0.8925,0.8947,0.89
Bahrain,10-Oct,MUSE,All,Transacting Members,58411,60867,69403,70177,61675.77029
Bahrain,10-Oct,MUSE,All,New Members,32731,39618,41032,41912,29604.36974
Bahrain,10-Oct,MUSE,All,Returning Members,25680,21249,28371,28265,32071.40055
Bahrain,10-Oct,MUSE,All,Average Frequency,1.64,1.74,1.73,1.75,1.7819
Bahrain,10-Oct,MUSE,All,Average Order Value,256,264,256,258,266.64
Bahrain,10-Oct,MUSE,All,Redeeming Members %,0.1616,0.1639,0.1614,0.1619,0.19714
Bahrain,10-Oct,MUSE,All,Cross Brand Plus %,0.1236,0.1184,0.1321,0.1318,0.17968
Bahrain,10-Oct,MUSE,All,New Brand Adopters %,0.166,0.1301,0.1629,0.1597,0.165086911
Bahrain,10-Oct,MUSE,All,Average Brands Shopped,1.15,1.14,1.16,1.16,1.2204
Bahrain,10-Oct,MUSE,All,Points Burned Value,217409,252180,275897,286872,
Bahrain,11-Nov,MUSE,All,Total Sales,25892338,30876774,29293527,30798494,23203979
Bahrain,11-Nov,MUSE,All,Sales Penetration,0.8938,0.8929,0.89,0.8925,0.89
Bahrain,11-Nov,MUSE,All,Transacting Members,61985,66176,67519,69403,68866.65855
Bahrain,11-Nov,MUSE,All,New Members,35324,43757,39486,41032,33055.9961
Bahrain,11-Nov,MUSE,All,Returning Members,26661,22419,28033,28371,35810.66244
Bahrain,11-Nov,MUSE,All,Average Frequency,1.66,1.78,1.72,1.73,1.79972
Bahrain,11-Nov,MUSE,All,Average Order Value,252,262,253,256,263.9736
Bahrain,11-Nov,MUSE,All,Redeeming Members %,0.1579,0.1627,0.1589,0.1613,0.21785
Bahrain,11-Nov,MUSE,All,Cross Brand Plus %,0.1284,0.1245,0.133,0.1321,0.18369
Bahrain,11-Nov,MUSE,All,New Brand Adopters %,0.1669,0.1304,0.1649,0.1629,0.165424927
Bahrain,11-Nov,MUSE,All,Average Brands Shopped,1.15,1.15,1.16,1.16,1.2313
Bahrain,11-Nov,MUSE,All,Points Burned Value,225117,279824,255920,275845,
Bahrain,12-Dec,MUSE,All,Total Sales,26989011,34277963,26989011,29293527,32832343
Bahrain,12-Dec,MUSE,All,Sales Penetration,0.8915,0.89,0.8915,0.89,0.89
Bahrain,12-Dec,MUSE,All,Transacting Members,64635,71502,64635,67518,75313.99818
Bahrain,12-Dec,MUSE,All,New Members,37271,47919,37271,39485,36150.71913
Bahrain,12-Dec,MUSE,All,Returning Members,27364,23583,27364,28033,39163.27905
Bahrain,12-Dec,MUSE,All,Average Frequency,1.67,1.83,1.67,1.72,1.81772
Bahrain,12-Dec,MUSE,All,Average Order Value,249,262,249,253,261.33386
Bahrain,12-Dec,MUSE,All,Redeeming Members %,0.1549,0.1633,0.1549,0.1589,0.23532
Bahrain,12-Dec,MUSE,All,Cross Brand Plus %,0.132,0.1305,0.132,0.133,0.18532
Bahrain,12-Dec,MUSE,All,New Brand Adopters %,0.1695,0.1297,0.1695,0.1649,0.164660709
Bahrain,12-Dec,MUSE,All,Average Brands Shopped,1.16,1.15,1.16,1.16,1.24219
Bahrain,12-Dec,MUSE,All,Points Burned Value,230421,310627,230421,255920,
Kuwait,01-Jan,MUSE,All,Total Sales,3275747,3260884,40236066,40221203,3587006.742
Kuwait,01-Jan,MUSE,All,Sales Penetration,0.7423,0.8344,0.7594,0.7666,0.901972665
Kuwait,01-Jan,MUSE,All,Transacting Members,13573,15492,124067,125082,16295.13381
Kuwait,01-Jan,MUSE,All,New Members,4904,4512,59892,59500,7821.664229
Kuwait,01-Jan,MUSE,All,Returning Members,8669,10980,64175,65582,8473.469582
Kuwait,01-Jan,MUSE,All,Average Frequency,1.13,1.15,1.63,1.64,1.1845
Kuwait,01-Jan,MUSE,All,Average Order Value,213,184,199,196,185.84
Kuwait,01-Jan,MUSE,All,Redeeming Members %,0.078,0.1181,0.0996,0.1042,0.11
Kuwait,01-Jan,MUSE,All,Cross Brand Plus %,0.0318,0.0316,0.1558,0.158,0.065555439
Kuwait,01-Jan,MUSE,All,New Brand Adopters %,0.1762,0.245,0.2223,0.2297,0.262527156
Kuwait,01-Jan,MUSE,All,Average Brands Shopped,1.03,1.03,1.18,1.19,1.1124
Kuwait,01-Jan,MUSE,All,Points Burned Value,18876,38462,262076,281663,
Kuwait,02-Feb,MUSE,All,Total Sales,6509577,6181232,40549548,40236066,6696285.816
Kuwait,02-Feb,MUSE,All,Sales Penetration,0.7459,0.8029,0.7578,0.7594,0.849372119
Kuwait,02-Feb,MUSE,All,Transacting Members,24507,27537,123427,124067,28619.80156
Kuwait,02-Feb,MUSE,All,New Members,9398,9077,59821,59892,13737.50475
Kuwait,02-Feb,MUSE,All,Returning Members,15109,18460,63606,64175,14882.29681
Kuwait,02-Feb,MUSE,All,Average Frequency,1.18,1.19,1.63,1.63,1.2257
Kuwait,02-Feb,MUSE,All,Average Order Value,224,189,202,199,190.89
Kuwait,02-Feb,MUSE,All,Redeeming Members %,0.0761,0.1128,0.0965,0.0996,0.11
Kuwait,02-Feb,MUSE,All,Cross Brand Plus %,0.0438,0.0442,0.1536,0.1558,0.04
Kuwait,02-Feb,MUSE,All,New Brand Adopters %,0.1818,0.2309,0.2209,0.2223,0.252301887
Kuwait,02-Feb,MUSE,All,Average Brands Shopped,1.05,1.05,1.18,1.18,1.134
Kuwait,02-Feb,MUSE,All,Points Burned Value,35390,67783,249271,262076,
Kuwait,03-Mar,MUSE,All,Total Sales,10278992,9671413,40828782,40549548,12020893.41
Kuwait,03-Mar,MUSE,All,Sales Penetration,0.7281,0.7953,0.7502,0.7578,0.957977839
Kuwait,03-Mar,MUSE,All,Transacting Members,35508,38626,123400,123427,45763.24007
Kuwait,03-Mar,MUSE,All,New Members,14047,13196,60351,59821,21966.35523
Kuwait,03-Mar,MUSE,All,Returning Members,21461,25430,63049,63606,23796.88484
Kuwait,03-Mar,MUSE,All,Average Frequency,1.24,1.24,1.63,1.63,1.2875
Kuwait,03-Mar,MUSE,All,Average Order Value,233,201,203,202,204.02
Kuwait,03-Mar,MUSE,All,Redeeming Members %,0.0718,0.1135,0.0925,0.0965,0.11
Kuwait,03-Mar,MUSE,All,Cross Brand Plus %,0.0588,0.0599,0.1519,0.1536,0.06
Kuwait,03-Mar,MUSE,All,New Brand Adopters %,0.187,0.2349,0.2169,0.2209,0.224387387
Kuwait,03-Mar,MUSE,All,Average Brands Shopped,1.06,1.06,1.18,1.18,1.1556
Kuwait,03-Mar,MUSE,All,Points Burned Value,52910,95184,239388,249271,
Kuwait,04-Apr,MUSE,All,Total Sales,13327206,13438141,40110268,40828782,14596799.14
Kuwait,04-Apr,MUSE,All,Sales Penetration,0.7405,0.7873,0.751,0.7502,0.824075924
Kuwait,04-Apr,MUSE,All,Transacting Members,46456,51609,122035,123400,53698.18709
Kuwait,04-Apr,MUSE,All,New Members,19168,18309,60359,60351,25775.1298
Kuwait,04-Apr,MUSE,All,Returning Members,27288,33300,61676,63049,27923.05728
Kuwait,04-Apr,MUSE,All,Average Frequency,1.28,1.3,1.62,1.63,1.339
Kuwait,04-Apr,MUSE,All,Average Order Value,224,201,203,203,203.01
Kuwait,04-Apr,MUSE,All,Redeeming Members %,0.0747,0.1141,0.089,0.0925,0.11
Kuwait,04-Apr,MUSE,All,Cross Brand Plus %,0.0689,0.0763,0.1479,0.1519,0.07
Kuwait,04-Apr,MUSE,All,New Brand Adopters %,0.1859,0.24,0.2105,0.2169,0.259913591
Kuwait,04-Apr,MUSE,All,Average Brands Shopped,1.07,1.08,1.17,1.18,1.1664
Kuwait,04-Apr,MUSE,All,Points Burned Value,72817,123742,230737,239388,
Kuwait,05-May,MUSE,All,Total Sales,17471538,17206649,40486091,40110268,18284502.32
Kuwait,05-May,MUSE,All,Transacting Members,59510,63930,122438,122035,64943.03201
Kuwait,05-May,MUSE,All,New Members,25339,23900,60939,60359,31172.65536
Kuwait,05-May,MUSE,All,Returning Members,34171,40030,61499,61676,33770.37664
Kuwait,05-May,MUSE,All,Average Frequency,1.33,1.35,1.62,1.62,1.4008
Kuwait,05-May,MUSE,All,New Brand Adopters %,0.1859,0.2378,0.207,0.2105,0.264798978
Kuwait,05-May,MUSE,All,Average Brands Shopped,1.09,1.1,1.17,1.17,1.188
Kuwait,05-May,MUSE,All,Points Burned Value,100522,154105,228080,230737,
Kuwait,05-May,MUSE,All,Sales Penetration,0.7557,0.7821,0.7553,0.751,0.801435546
Kuwait,05-May,MUSE,All,Average Order Value,220,199,205,203,200.99
Kuwait,05-May,MUSE,All,Redeeming Members %,0.0801,0.1153,0.0867,0.089,0.11
Kuwait,05-May,MUSE,All,Cross Brand Plus %,0.0803,0.0907,0.1455,0.1479,0.09
Kuwait,06-Jun,MUSE,All,Total Sales,21216317,20924329,40513191,40512598,21727821.7
Kuwait,06-Jun,MUSE,All,Sales Penetration,0.7588,0.7741,0.7586,0.7558,0.78
Kuwait,06-Jun,MUSE,All,Transacting Members,71615,75635,122518,122449,72618.40893
Kuwait,06-Jun,MUSE,All,New Members,31498,29539,61460,60940,32717.98483
Kuwait,06-Jun,MUSE,All,Returning Members,40117,46096,61058,61509,39900.42409
Kuwait,06-Jun,MUSE,All,Average Frequency,1.38,1.41,1.61,1.62,1.387780251
Kuwait,06-Jun,MUSE,All,Average Order Value,214,197,205,205,215.6
Kuwait,06-Jun,MUSE,All,Redeeming Members %,0.0826,0.1124,0.0861,0.0867,0.096605436
Kuwait,06-Jun,MUSE,All,Cross Brand Plus %,0.0931,0.1066,0.1428,0.1455,0.101594208
Kuwait,06-Jun,MUSE,All,New Brand Adopters %,0.188,0.2402,0.2022,0.2072,0.22
Kuwait,06-Jun,MUSE,All,Average Brands Shopped,1.1,1.12,1.17,1.17,1.11956105
Kuwait,06-Jun,MUSE,All,Points Burned Value,125421,177295,229789,228080,
Kuwait,07-Jul,MUSE,All,Total Sales,24872747,24272764,40821186,40513191,25128733.42
Kuwait,07-Jul,MUSE,All,Sales Penetration,0.7417,0.7624,0.7415,0.7422,0.78
Kuwait,07-Jul,MUSE,All,Transacting Members,82466,86144,122603,122524,81955.89654
Kuwait,07-Jul,MUSE,All,New Members,37587,34937,62151,61461,38155.80519
Kuwait,07-Jul,MUSE,All,Returning Members,44879,51207,60452,61063,43800.09135
Kuwait,07-Jul,MUSE,All,Average Frequency,1.43,1.46,1.61,1.61,1.436502686
Kuwait,07-Jul,MUSE,All,Average Order Value,211,194,207,205,213.444
Kuwait,07-Jul,MUSE,All,Redeeming Members %,0.0835,0.1076,0.0871,0.0861,0.118440274
Kuwait,07-Jul,MUSE,All,Cross Brand Plus %,0.1023,0.1192,0.1401,0.1429,0.117470198
Kuwait,07-Jul,MUSE,All,New Brand Adopters %,0.1864,0.2404,0.1954,0.2022,0.22
Kuwait,07-Jul,MUSE,All,Average Brands Shopped,1.11,1.14,1.16,1.17,1.135018109
Kuwait,07-Jul,MUSE,All,Points Burned Value,148030,193033,236660,229789,
Kuwait,08-Aug,MUSE,All,Total Sales,28322222,27586274,40957150,40894637,28647144.8
Kuwait,08-Aug,MUSE,All,Sales Penetration,0.7462,0.7613,0.7436,0.7432,0.78
Kuwait,08-Aug,MUSE,All,Transacting Members,91252,95786,121710,122647,91410.09035
Kuwait,08-Aug,MUSE,All,New Members,42675,40169,62007,62163,43818.51559
Kuwait,08-Aug,MUSE,All,Returning Members,48577,55617,59703,60484,47591.57476
Kuwait,08-Aug,MUSE,All,Average Frequency,1.47,1.49,1.61,1.61,1.474568425
Kuwait,08-Aug,MUSE,All,Average Order Value,211,193,209,207,212.5309948
Kuwait,08-Aug,MUSE,All,Redeeming Members %,0.0835,0.1041,0.0876,0.0871,0.1398404
Kuwait,08-Aug,MUSE,All,Cross Brand Plus %,0.1096,0.1305,0.1382,0.1401,0.130171022
Kuwait,08-Aug,MUSE,All,New Brand Adopters %,0.1873,0.2411,0.1897,0.1958,0.22
Kuwait,08-Aug,MUSE,All,Average Brands Shopped,1.12,1.15,1.16,1.16,1.149071889
Kuwait,08-Aug,MUSE,All,Points Burned Value,165059,206223,240499,236660,
Kuwait,09-Sep,MUSE,All,Total Sales,31442786,30415486,41248503,40958036,31643913.16
Kuwait,09-Sep,MUSE,All,Sales Penetration,0.7472,0.7592,0.745,0.7434,0.78
Kuwait,09-Sep,MUSE,All,Transacting Members,98722,103042,121534,121711,98517.52887
Kuwait,09-Sep,MUSE,All,New Members,46994,44481,62014,62008,48437.97943
Kuwait,09-Sep,MUSE,All,Returning Members,51728,58561,59520,59703,50079.54944
Kuwait,09-Sep,MUSE,All,Average Frequency,1.5,1.53,1.61,1.61,1.510317808
Kuwait,09-Sep,MUSE,All,Average Order Value,212,193,211,209,212.6710283
Kuwait,09-Sep,MUSE,All,Redeeming Members %,0.0841,0.1031,0.088,0.0876,0.164601073
Kuwait,09-Sep,MUSE,All,Cross Brand Plus %,0.1173,0.139,0.1378,0.1383,0.143397677
Kuwait,09-Sep,MUSE,All,New Brand Adopters %,0.1882,0.2402,0.1869,0.1897,0.22
Kuwait,09-Sep,MUSE,All,Average Brands Shopped,1.13,1.16,1.16,1.16,1.160216223
Kuwait,09-Sep,MUSE,All,Points Burned Value,182143,221643,242163,240499,
Kuwait,10-Oct,MUSE,All,Total Sales,34638975,33473908,41385448,41210022,34884857.15
Kuwait,10-Oct,MUSE,All,Sales Penetration,0.7495,0.7603,0.7451,0.7446,0.78
Kuwait,10-Oct,MUSE,All,Transacting Members,105316,110207,120851,121539,105544.7902
Kuwait,10-Oct,MUSE,All,New Members,50950,49256,61194,62016,53504.52778
Kuwait,10-Oct,MUSE,All,Returning Members,54366,60951,59657,59523,52040.26237
Kuwait,10-Oct,MUSE,All,Average Frequency,1.53,1.56,1.61,1.61,1.54433333
Kuwait,10-Oct,MUSE,All,Average Order Value,214,194,213,211,214.0223378
Kuwait,10-Oct,MUSE,All,Redeeming Members %,0.0841,0.1038,0.087,0.0881,0.189643441
Kuwait,10-Oct,MUSE,All,Cross Brand Plus %,0.124,0.1452,0.1372,0.1379,0.156995177
Kuwait,10-Oct,MUSE,All,New Brand Adopters %,0.1881,0.2368,0.1869,0.1869,0.22
Kuwait,10-Oct,MUSE,All,Average Brands Shopped,1.14,1.17,1.16,1.16,1.169053063
Kuwait,10-Oct,MUSE,All,Points Burned Value,198113,240638,239513,242196,
Kuwait,11-Nov,MUSE,All,Total Sales,38285617,36884810,41621189,41385448,38475085.56
Kuwait,11-Nov,MUSE,All,Sales Penetration,0.7484,0.7567,0.7466,0.7448,0.78
Kuwait,11-Nov,MUSE,All,Transacting Members,113214,118236,120451,120854,113339.0534
Kuwait,11-Nov,MUSE,All,New Members,55847,54762,60585,61194,59293.83712
Kuwait,11-Nov,MUSE,All,Returning Members,57367,63474,59866,59660,54045.21624
Kuwait,11-Nov,MUSE,All,Average Frequency,1.57,1.6,1.6,1.61,1.584406358
Kuwait,11-Nov,MUSE,All,Average Order Value,215,194,215,213,214.2562191
Kuwait,11-Nov,MUSE,All,Redeeming Members %,0.0839,0.1035,0.0861,0.087,0.214249182
Kuwait,11-Nov,MUSE,All,Cross Brand Plus %,0.1296,0.1516,0.1358,0.1372,0.173260214
Kuwait,11-Nov,MUSE,All,New Brand Adopters %,0.1878,0.2321,0.188,0.187,0.22
Kuwait,11-Nov,MUSE,All,Average Brands Shopped,1.15,1.18,1.16,1.16,1.177947681
Kuwait,11-Nov,MUSE,All,Points Burned Value,215989,261321,236662,239513,
Kuwait,12-Dec,MUSE,All,Total Sales,41732077,40220381,41732077,41620506,41951734.47
Kuwait,12-Dec,MUSE,All,Sales Penetration,0.7474,0.7543,0.7474,0.7467,0.78
Kuwait,12-Dec,MUSE,All,Transacting Members,119967,125081,119967,120450,119892.9068
Kuwait,12-Dec,MUSE,All,New Members,60207,59500,60207,60585,64225.18529
Kuwait,12-Dec,MUSE,All,Returning Members,59760,65581,59760,59865,55667.72148
Kuwait,12-Dec,MUSE,All,Average Frequency,1.61,1.64,1.61,1.6,1.617687089
Kuwait,12-Dec,MUSE,All,Average Order Value,216,196,216,215,216.3026859
Kuwait,12-Dec,MUSE,All,Redeeming Members %,0.083,0.1044,0.083,0.0861,0.242997209
Kuwait,12-Dec,MUSE,All,Cross Brand Plus %,0.1355,0.158,0.1355,0.1359,0.192999708
Kuwait,12-Dec,MUSE,All,New Brand Adopters %,0.187,0.2297,0.187,0.188,0.22
Kuwait,12-Dec,MUSE,All,Average Brands Shopped,1.16,1.19,1.16,1.16,1.186573608
Kuwait,12-Dec,MUSE,All,Points Burned Value,233256,281994,233256,236662,
Saudi Arabia,01-Jan,MUSE,All,Total Sales,18917261,15969088,223324341,220376169,20924206
Saudi Arabia,01-Jan,MUSE,All,Sales Penetration,0.5492,0.577,0.5513,0.5533,0.844028248
Saudi Arabia,01-Jan,MUSE,All,Transacting Members,88501,84412,741975,736975,105872.3383
Saudi Arabia,01-Jan,MUSE,All,New Members,35517,30945,407727,403155,41290.21194
Saudi Arabia,01-Jan,MUSE,All,Returning Members,52984,53467,334248,333820,64582.12637
Saudi Arabia,01-Jan,MUSE,All,Average Frequency,1.18,1.18,1.68,1.69,1.2154
Saudi Arabia,01-Jan,MUSE,All,Average Order Value,182,161,179,177,162.61
Saudi Arabia,01-Jan,MUSE,All,Redeeming Members %,0.1666,0.158,0.167,0.1667,0.194344524
Saudi Arabia,01-Jan,MUSE,All,Cross Brand Plus %,0.05,0.0534,0.1921,0.1969,0.075673778
Saudi Arabia,01-Jan,MUSE,All,New Brand Adopters %,0.2042,0.2417,0.2238,0.2263,0.212996826
Saudi Arabia,01-Jan,MUSE,All,Average Brands Shopped,1.05,1.06,1.24,1.25,1.1448
Saudi Arabia,01-Jan,MUSE,All,Points Burned Value,174448,206969,2042369,2074890,
Saudi Arabia,02-Feb,MUSE,All,Total Sales,36914369,31752421,225538117,223324341,39061667.26
Saudi Arabia,02-Feb,MUSE,All,Sales Penetration,0.5582,0.5889,0.5494,0.5513,0.793111683
Saudi Arabia,02-Feb,MUSE,All,Transacting Members,158440,152880,744936,741975,179571.8037
Saudi Arabia,02-Feb,MUSE,All,New Members,66483,61297,408341,407727,71828.72148
Saudi Arabia,02-Feb,MUSE,All,Returning Members,91957,91583,336595,334248,107743.0822
Saudi Arabia,02-Feb,MUSE,All,Average Frequency,1.23,1.23,1.68,1.68,1.2669
Saudi Arabia,02-Feb,MUSE,All,Average Order Value,189,169,181,179,171.7
Saudi Arabia,02-Feb,MUSE,All,Redeeming Members %,0.16,0.1533,0.1669,0.167,0.206779965
Saudi Arabia,02-Feb,MUSE,All,Cross Brand Plus %,0.068,0.069,0.1885,0.1921,0.09904989
Saudi Arabia,02-Feb,MUSE,All,New Brand Adopters %,0.2063,0.2338,0.2238,0.2238,0.220177533
Saudi Arabia,02-Feb,MUSE,All,Average Brands Shopped,1.07,1.08,1.24,1.24,1.1664
Saudi Arabia,02-Feb,MUSE,All,Points Burned Value,320133,353284,2041739,2042369,
Saudi Arabia,03-Mar,MUSE,All,Total Sales,76195436,54818358,241753247,225538117,70121878.21
Saudi Arabia,03-Mar,MUSE,All,Sales Penetration,0.557,0.5786,0.5489,0.5494,0.804736272
Saudi Arabia,03-Mar,MUSE,All,Transacting Members,294266,239622,781791,744936,293552.1253
Saudi Arabia,03-Mar,MUSE,All,New Members,131034,100688,433500,408341,123291.8926
Saudi Arabia,03-Mar,MUSE,All,Returning Members,163232,138934,348291,336595,170260.2327
Saudi Arabia,03-Mar,MUSE,All,Average Frequency,1.3,1.29,1.68,1.68,1.3287
Saudi Arabia,03-Mar,MUSE,All,Average Order Value,198,178,184,181,179.78
Saudi Arabia,03-Mar,MUSE,All,Redeeming Members %,0.1448,0.1479,0.1645,0.1669,0.207325881
Saudi Arabia,03-Mar,MUSE,All,Cross Brand Plus %,0.0943,0.0905,0.1876,0.1885,0.138239083
Saudi Arabia,03-Mar,MUSE,All,New Brand Adopters %,0.2121,0.239,0.2203,0.2238,0.216046356
Saudi Arabia,03-Mar,MUSE,All,Average Brands Shopped,1.11,1.1,1.24,1.24,1.188
Saudi Arabia,03-Mar,MUSE,All,Points Burned Value,636148,539896,2171142,2041739,
Saudi Arabia,04-Apr,MUSE,All,Total Sales,91171671,77911200,233636640,241753247,85147994.97
Saudi Arabia,04-Apr,MUSE,All,Sales Penetration,0.5544,0.5744,0.5469,0.5489,0.673949207
Saudi Arabia,04-Apr,MUSE,All,Transacting Members,343809,319067,763146,781791,333127.6421
Saudi Arabia,04-Apr,MUSE,All,New Members,155871,137679,421346,433500,143244.8861
Saudi Arabia,04-Apr,MUSE,All,Returning Members,187938,181388,341800,348291,189882.756
Saudi Arabia,04-Apr,MUSE,All,Average Frequency,1.35,1.35,1.67,1.68,1.3905
Saudi Arabia,04-Apr,MUSE,All,Average Order Value,197,181,183,184,183.82
Saudi Arabia,04-Apr,MUSE,All,Redeeming Members %,0.147,0.1484,0.1647,0.1645,0.229600099
Saudi Arabia,04-Apr,MUSE,All,Cross Brand Plus %,0.1065,0.1107,0.182,0.1876,0.16230462
Saudi Arabia,04-Apr,MUSE,All,New Brand Adopters %,0.2157,0.2442,0.2186,0.2203,0.259327346
Saudi Arabia,04-Apr,MUSE,All,Average Brands Shopped,1.12,1.13,1.24,1.24,1.2204
Saudi Arabia,04-Apr,MUSE,All,Points Burned Value,787347,721652,2140585,2171142,
Saudi Arabia,05-May,MUSE,All,Total Sales,113254633,95351522,238279280,233636640,106659596.9
Saudi Arabia,05-May,MUSE,All,Sales Penetration,0.5484,0.5761,0.5423,0.5469,0.69317622
Saudi Arabia,05-May,MUSE,All,Transacting Members,416257,379482,773438,763146,403970.565
Saudi Arabia,05-May,MUSE,All,Average Frequency,1.4,1.4,1.67,1.67,1.4523
Saudi Arabia,05-May,MUSE,All,Average Brands Shopped,1.14,1.15,1.23,1.24,1.242
Saudi Arabia,05-May,MUSE,All,Points Burned Value,1000975,903132,2172733,2140585,
Saudi Arabia,05-May,MUSE,All,New Members,193867,169651,427370,421346,177747.0486
Saudi Arabia,05-May,MUSE,All,Returning Members,222390,209831,346068,341800,226223.5164
Saudi Arabia,05-May,MUSE,All,Average Order Value,195,179,185,183,181.8
Saudi Arabia,05-May,MUSE,All,Redeeming Members %,0.1504,0.1535,0.1634,0.1647,0.229568612
Saudi Arabia,05-May,MUSE,All,Cross Brand Plus %,0.1222,0.1273,0.181,0.182,0.172577475
Saudi Arabia,05-May,MUSE,All,New Brand Adopters %,0.2176,0.2437,0.2176,0.2186,0.253847628
Saudi Arabia,06-Jun,MUSE,All,Total Sales,135298980,116088805,239586344,238642480,139331278.6
Saudi Arabia,06-Jun,MUSE,All,Sales Penetration,0.7075,0.6794,0.7117,0.7119,0.70942469
Saudi Arabia,06-Jun,MUSE,All,Transacting Members,485736,453143,770268,773638,497444.7833
Saudi Arabia,06-Jun,MUSE,All,New Members,232087,211689,423578,427442,242305.3216
Saudi Arabia,06-Jun,MUSE,All,Returning Members,253649,241454,346690,346196,255139.4617
Saudi Arabia,06-Jun,MUSE,All,Average Frequency,1.45,1.46,1.67,1.67,1.450818016
Saudi Arabia,06-Jun,MUSE,All,Average Order Value,193,176,186,185,193.0593333
Saudi Arabia,06-Jun,MUSE,All,Redeeming Members %,0.1522,0.1543,0.1631,0.1633,0.158323671
Saudi Arabia,06-Jun,MUSE,All,Cross Brand Plus %,0.1361,0.1432,0.18,0.1812,0.143188163
Saudi Arabia,06-Jun,MUSE,All,New Brand Adopters %,0.22,0.2421,0.217,0.2181,0.230079246
Saudi Arabia,06-Jun,MUSE,All,Average Brands Shopped,1.16,1.17,1.23,1.24,1.172300257
Saudi Arabia,06-Jun,MUSE,All,Points Burned Value,1191789,1086945,2179734,2172733,
Saudi Arabia,07-Jul,MUSE,All,Total Sales,155874647,134159392,242088884,239580102,160407825.3
Saudi Arabia,07-Jul,MUSE,All,Sales Penetration,0.7107,0.6877,0.7127,0.7145,0.717324689
Saudi Arabia,07-Jul,MUSE,All,Transacting Members,549563,511514,775213,770426,555276.9853
Saudi Arabia,07-Jul,MUSE,All,New Members,271699,246606,428274,423620,278779.7936
Saudi Arabia,07-Jul,MUSE,All,Returning Members,277864,264908,346939,346806,276497.1916
Saudi Arabia,07-Jul,MUSE,All,Average Frequency,1.49,1.5,1.67,1.67,1.496322049
Saudi Arabia,07-Jul,MUSE,All,Average Order Value,191,175,187,186,193.0593333
Saudi Arabia,07-Jul,MUSE,All,Redeeming Members %,0.1533,0.1562,0.1624,0.1631,0.160156773
Saudi Arabia,07-Jul,MUSE,All,Cross Brand Plus %,0.1477,0.1551,0.1806,0.1803,0.155114776
Saudi Arabia,07-Jul,MUSE,All,New Brand Adopters %,0.2185,0.2409,0.2143,0.2171,0.228890839
Saudi Arabia,07-Jul,MUSE,All,Average Brands Shopped,1.18,1.19,1.23,1.23,1.189228923
Saudi Arabia,07-Jul,MUSE,All,Points Burned Value,1371877,1232916,2213822,2179673,
Saudi Arabia,08-Aug,MUSE,All,Total Sales,174771738,151441590,243703779,242726901,181290743.2
Saudi Arabia,08-Aug,MUSE,All,Sales Penetration,0.71,0.6942,0.7094,0.7148,0.723871773
Saudi Arabia,08-Aug,MUSE,All,Transacting Members,602795,561730,778429,775927,610526.6312
Saudi Arabia,08-Aug,MUSE,All,New Members,305486,277417,431250,428435,313695.9203
Saudi Arabia,08-Aug,MUSE,All,Returning Members,297309,284313,347179,347492,296830.7109
Saudi Arabia,08-Aug,MUSE,All,Average Frequency,1.53,1.54,1.67,1.67,1.532697424
Saudi Arabia,08-Aug,MUSE,All,Average Order Value,190,175,188,187,193.7379006
Saudi Arabia,08-Aug,MUSE,All,Redeeming Members %,0.153,0.1576,0.1609,0.1622,0.161590603
Saudi Arabia,08-Aug,MUSE,All,Cross Brand Plus %,0.1576,0.1647,0.1816,0.1815,0.164661566
Saudi Arabia,08-Aug,MUSE,All,New Brand Adopters %,0.2183,0.2398,0.2126,0.2153,0.227816354
Saudi Arabia,08-Aug,MUSE,All,Average Brands Shopped,1.19,1.2,1.24,1.24,1.202996436
Saudi Arabia,08-Aug,MUSE,All,Points Burned Value,1517708,1386060,2206509,2213822,
Saudi Arabia,09-Sep,MUSE,All,Total Sales,191830736,167181201,245022343,243659528,200441666
Saudi Arabia,09-Sep,MUSE,All,Sales Penetration,0.709,0.6958,0.7084,0.7094,0.72521562
Saudi Arabia,09-Sep,MUSE,All,Transacting Members,647665,603220,781632,778464,656630.6164
Saudi Arabia,09-Sep,MUSE,All,New Members,334874,305283,432771,431258,345415.6317
Saudi Arabia,09-Sep,MUSE,All,Returning Members,312791,297937,348861,347206,311214.9847
Saudi Arabia,09-Sep,MUSE,All,Average Frequency,1.56,1.58,1.67,1.67,1.569971946
Saudi Arabia,09-Sep,MUSE,All,Average Order Value,190,176,188,188,194.4352412
Saudi Arabia,09-Sep,MUSE,All,Redeeming Members %,0.1547,0.1599,0.1609,0.1609,0.163879249
Saudi Arabia,09-Sep,MUSE,All,Cross Brand Plus %,0.1652,0.1727,0.1825,0.1819,0.174661566
Saudi Arabia,09-Sep,MUSE,All,New Brand Adopters %,0.2165,0.2365,0.2119,0.2126,0.224524077
Saudi Arabia,09-Sep,MUSE,All,Average Brands Shopped,1.2,1.21,1.24,1.24,1.214336631
Saudi Arabia,09-Sep,MUSE,All,Points Burned Value,1674537,1536665,2212726,2206304,
Saudi Arabia,10-Oct,MUSE,All,Total Sales,209420499,183106614,246661806,244937023,219972849.5
Saudi Arabia,10-Oct,MUSE,All,Sales Penetration,0.7091,0.6991,0.7067,0.7085,0.728378858
Saudi Arabia,10-Oct,MUSE,All,Transacting Members,690197,644136,783432,781709,702505.873
Saudi Arabia,10-Oct,MUSE,All,New Members,362953,334990,431141,432790,379364.1647
Saudi Arabia,10-Oct,MUSE,All,Returning Members,327244,309146,352291,348919,323141.7083
Saudi Arabia,10-Oct,MUSE,All,Average Frequency,1.6,1.61,1.67,1.67,1.60269891
Saudi Arabia,10-Oct,MUSE,All,Average Order Value,190,177,189,188,195.3741851
Saudi Arabia,10-Oct,MUSE,All,Redeeming Members %,0.1559,0.1611,0.1611,0.1609,0.165072179
Saudi Arabia,10-Oct,MUSE,All,Cross Brand Plus %,0.1721,0.1796,0.184,0.1827,0.184661566
Saudi Arabia,10-Oct,MUSE,All,New Brand Adopters %,0.2155,0.2324,0.2129,0.212,0.220416253
Saudi Arabia,10-Oct,MUSE,All,Average Brands Shopped,1.21,1.22,1.24,1.24,1.224421172
Saudi Arabia,10-Oct,MUSE,All,Points Burned Value,1823063,1681655,2216105,2211275,
Saudi Arabia,11-Nov,MUSE,All,Total Sales,229467904,201792430,248023396,246656180,242894290.7
Saudi Arabia,11-Nov,MUSE,All,Sales Penetration,0.7067,0.6988,0.7056,0.7068,0.727430157
Saudi Arabia,11-Nov,MUSE,All,Transacting Members,739530,691064,785692,783538,755146.9595
Saudi Arabia,11-Nov,MUSE,All,New Members,395948,369087,430038,431168,418384.7259
Saudi Arabia,11-Nov,MUSE,All,Returning Members,343582,321977,355654,352370,336762.2336
Saudi Arabia,11-Nov,MUSE,All,Average Frequency,1.64,1.65,1.67,1.67,1.642900215
Saudi Arabia,11-Nov,MUSE,All,Average Order Value,189,177,189,189,195.7828482
Saudi Arabia,11-Nov,MUSE,All,Redeeming Members %,0.1572,0.1622,0.1609,0.1611,0.167054897
Saudi Arabia,11-Nov,MUSE,All,Cross Brand Plus %,0.1806,0.1885,0.1859,0.1842,0.194661566
Saudi Arabia,11-Nov,MUSE,All,New Brand Adopters %,0.2144,0.229,0.2131,0.2129,0.217055065
Saudi Arabia,11-Nov,MUSE,All,Average Brands Shopped,1.23,1.24,1.24,1.24,1.237744438
Saudi Arabia,11-Nov,MUSE,All,Points Burned Value,1993536,1868966,2196908,2216065,
Saudi Arabia,12-Dec,MUSE,All,Total Sales,248822934,220347921,248822934,248013935,254625742
Saudi Arabia,12-Dec,MUSE,All,Sales Penetration,0.7058,0.6983,0.7058,0.7055,0.71
Saudi Arabia,12-Dec,MUSE,All,Transacting Members,783210,736965,783210,785842,788862
Saudi Arabia,12-Dec,MUSE,All,New Members,426480,403176,426480,430077,425985
Saudi Arabia,12-Dec,MUSE,All,Returning Members,356730,333789,356730,355765,362876
Saudi Arabia,12-Dec,MUSE,All,Average Frequency,1.67,1.69,1.67,1.67,1.678892475
Saudi Arabia,12-Dec,MUSE,All,Average Order Value,190,177,190,189,196.1745757
Saudi Arabia,12-Dec,MUSE,All,Redeeming Members %,0.1565,0.1659,0.1565,0.1609,0.166
Saudi Arabia,12-Dec,MUSE,All,Cross Brand Plus %,0.1874,0.1969,0.1874,0.1861,0.19
Saudi Arabia,12-Dec,MUSE,All,New Brand Adopters %,0.2132,0.2263,0.2132,0.2132,0.215
Saudi Arabia,12-Dec,MUSE,All,Average Brands Shopped,1.24,1.25,1.24,1.24,1.249258796
Saudi Arabia,12-Dec,MUSE,All,Points Burned Value,2123437,2072338,2123437,2196908,
United Arab Emirates,01-Jan,MUSE,All,Total Sales,33459367,31350685,357819156,355710474,32283060.68
United Arab Emirates,01-Jan,MUSE,All,Sales Penetration,0.3966,0.4467,0.4095,0.4136,0.553343253
United Arab Emirates,01-Jan,MUSE,All,Transacting Members,79814,84647,572307,574429,83313.07138
United Arab Emirates,01-Jan,MUSE,All,New Members,32704,34786,325630,327713,34991.48998
United Arab Emirates,01-Jan,MUSE,All,Returning Members,47110,49861,246677,246716,48321.5814
United Arab Emirates,01-Jan,MUSE,All,Average Frequency,1.27,1.28,1.97,1.98,1.3184
United Arab Emirates,01-Jan,MUSE,All,Average Order Value,330,290,317,313,293.91
United Arab Emirates,01-Jan,MUSE,All,Redeeming Members %,0.1427,0.1581,0.1731,0.1748,0.247963581
United Arab Emirates,01-Jan,MUSE,All,Cross Brand Plus %,0.0774,0.0806,0.2388,0.2448,0.098301489
United Arab Emirates,01-Jan,MUSE,All,New Brand Adopters %,0.1808,0.2141,0.2285,0.2299,0.262776277
United Arab Emirates,01-Jan,MUSE,All,Average Brands Shopped,1.08,1.09,1.33,1.34,1.1772
United Arab Emirates,01-Jan,MUSE,All,Points Burned Value,253371,324504,2879510,2950643,
United Arab Emirates,02-Feb,MUSE,All,Total Sales,62859461,57568503,361001432,357819156,60266572.34
United Arab Emirates,02-Feb,MUSE,All,Sales Penetration,0.4033,0.4431,0.4079,0.4095,0.556853373
United Arab Emirates,02-Feb,MUSE,All,Transacting Members,133021,139983,570960,572307,139460.5588
United Arab Emirates,02-Feb,MUSE,All,New Members,56649,61409,322951,325630,59968.04028
United Arab Emirates,02-Feb,MUSE,All,Returning Members,76372,78574,248009,246677,79492.51851
United Arab Emirates,02-Feb,MUSE,All,Average Frequency,1.34,1.33,1.98,1.97,1.3802
United Arab Emirates,02-Feb,MUSE,All,Average Order Value,353,308,320,317,313.1
United Arab Emirates,02-Feb,MUSE,All,Redeeming Members %,0.1472,0.157,0.173,0.1731,0.244031884
United Arab Emirates,02-Feb,MUSE,All,Cross Brand Plus %,0.1019,0.1005,0.236,0.2388,0.13037252
United Arab Emirates,02-Feb,MUSE,All,New Brand Adopters %,0.1898,0.2152,0.2292,0.2285,0.260705143
United Arab Emirates,02-Feb,MUSE,All,Average Brands Shopped,1.11,1.12,1.33,1.33,1.2096
United Arab Emirates,02-Feb,MUSE,All,Points Burned Value,475570,565840,2860373,2879510,
United Arab Emirates,03-Mar,MUSE,All,Total Sales,101739621,89060717,368389378,361001432,108188040.7
United Arab Emirates,03-Mar,MUSE,All,Sales Penetration,0.4048,0.4411,0.4052,0.4079,0.653584533
United Arab Emirates,03-Mar,MUSE,All,Transacting Members,191005,196680,571200,570960,228153.5761
United Arab Emirates,03-Mar,MUSE,All,New Members,81255,87843,321120,322951,102669.1092
United Arab Emirates,03-Mar,MUSE,All,Returning Members,109750,108837,250080,248009,125484.4669
United Arab Emirates,03-Mar,MUSE,All,Average Frequency,1.44,1.41,1.99,1.98,1.4626
United Arab Emirates,03-Mar,MUSE,All,Average Order Value,369,320,325,320,324.21
United Arab Emirates,03-Mar,MUSE,All,Redeeming Members %,0.1587,0.1614,0.174,0.173,0.250481177
United Arab Emirates,03-Mar,MUSE,All,Cross Brand Plus %,0.1307,0.1248,0.2341,0.236,0.181816843
United Arab Emirates,03-Mar,MUSE,All,New Brand Adopters %,0.2021,0.2231,0.2295,0.2292,0.227106077
United Arab Emirates,03-Mar,MUSE,All,Average Brands Shopped,1.15,1.15,1.33,1.33,1.242
United Arab Emirates,03-Mar,MUSE,All,Points Burned Value,759833,814310,2896165,2860373,
United Arab Emirates,04-Apr,MUSE,All,Total Sales,133561061,119146917,370124617,368389378,131371192.2
United Arab Emirates,04-Apr,MUSE,All,Sales Penetration,0.4084,0.4372,0.4045,0.4052,0.598853857
United Arab Emirates,04-Apr,MUSE,All,Transacting Members,239404,246924,572276,571200,259040.0545
United Arab Emirates,04-Apr,MUSE,All,New Members,106901,112615,321998,321120,116568.0245
United Arab Emirates,04-Apr,MUSE,All,Returning Members,132503,134309,250278,250080,142472.03
United Arab Emirates,04-Apr,MUSE,All,Average Frequency,1.51,1.49,1.97,1.99,1.545
United Arab Emirates,04-Apr,MUSE,All,Average Order Value,370,323,328,325,328.25
United Arab Emirates,04-Apr,MUSE,All,Redeeming Members %,0.1594,0.1652,0.172,0.174,0.261387424
United Arab Emirates,04-Apr,MUSE,All,Cross Brand Plus %,0.1478,0.146,0.2297,0.2341,0.213363412
United Arab Emirates,04-Apr,MUSE,All,New Brand Adopters %,0.2071,0.2306,0.2273,0.2295,0.257204602
United Arab Emirates,04-Apr,MUSE,All,Average Brands Shopped,1.18,1.18,1.32,1.33,1.2744
United Arab Emirates,04-Apr,MUSE,All,Points Burned Value,1042407,1041570,2951480,2896165,
United Arab Emirates,05-May,MUSE,All,Total Sales,169381621,149144102,375947992,370124617,164560520.9
United Arab Emirates,05-May,MUSE,All,Transacting Members,293280,294678,577140,572276,309961.28
United Arab Emirates,05-May,MUSE,All,New Members,134827,138047,324491,321998,145681.8016
United Arab Emirates,05-May,MUSE,All,Returning Members,158453,156631,252649,250278,164279.4784
United Arab Emirates,05-May,MUSE,All,New Brand Adopters %,0.2122,0.2344,0.2258,0.2273,0.259643762
United Arab Emirates,05-May,MUSE,All,Sales Penetration,0.4035,0.4464,0.3971,0.4045,0.605959919
United Arab Emirates,05-May,MUSE,All,Average Frequency,1.59,1.57,1.98,1.97,1.6274
United Arab Emirates,05-May,MUSE,All,Average Order Value,363,322,330,328,326.23
United Arab Emirates,05-May,MUSE,All,Redeeming Members %,0.1657,0.1695,0.1717,0.172,0.263562295
United Arab Emirates,05-May,MUSE,All,Cross Brand Plus %,0.1688,0.1658,0.2287,0.2297,0.229917329
United Arab Emirates,05-May,MUSE,All,Average Brands Shopped,1.2,1.21,1.32,1.32,1.3068
United Arab Emirates,05-May,MUSE,All,Points Burned Value,1374445,1314456,3010632,2951480,
United Arab Emirates,06-Jun,MUSE,All,Total Sales,204717429,182143702,378292985,377373229,210024460
United Arab Emirates,06-Jun,MUSE,All,Sales Penetration,0.5748,0.555,0.5648,0.5652,0.595057194
United Arab Emirates,06-Jun,MUSE,All,Transacting Members,341256,347245,572406,578063,342112.498
United Arab Emirates,06-Jun,MUSE,All,New Members,160442,167642,320591,325240,165114.8836
United Arab Emirates,06-Jun,MUSE,All,Returning Members,180814,179603,251815,252823,176997.6144
United Arab Emirates,06-Jun,MUSE,All,Average Frequency,1.68,1.66,1.98,1.98,1.679619621
United Arab Emirates,06-Jun,MUSE,All,Average Order Value,358,316,334,330,358.7336416
United Arab Emirates,06-Jun,MUSE,All,Redeeming Members %,0.1703,0.1738,0.1714,0.1715,0.184835094
United Arab Emirates,06-Jun,MUSE,All,Cross Brand Plus %,0.1875,0.1886,0.2278,0.2288,0.212562936
United Arab Emirates,06-Jun,MUSE,All,New Brand Adopters %,0.2198,0.2396,0.2245,0.2266,0.224082757
United Arab Emirates,06-Jun,MUSE,All,Average Brands Shopped,1.23,1.24,1.32,1.32,1.239543976
United Arab Emirates,06-Jun,MUSE,All,Points Burned Value,1674292,1617971,3007600,3011776,
United Arab Emirates,07-Jul,MUSE,All,Total Sales,235527140,209932051,381314347,378300179,241172973
United Arab Emirates,07-Jul,MUSE,All,Sales Penetration,0.5741,0.5478,0.5598,0.5596,0.600401688
United Arab Emirates,07-Jul,MUSE,All,Transacting Members,385497,392991,570110,572655,381956.8824
United Arab Emirates,07-Jul,MUSE,All,New Members,186794,195494,319087,320638,189952.582
United Arab Emirates,07-Jul,MUSE,All,Returning Members,198703,197497,251023,252017,192004.3004
United Arab Emirates,07-Jul,MUSE,All,Average Frequency,1.75,1.74,1.98,1.98,1.753832323
United Arab Emirates,07-Jul,MUSE,All,Average Order Value,349,308,338,334,353.352637
United Arab Emirates,07-Jul,MUSE,All,Redeeming Members %,0.1732,0.1739,0.1726,0.1715,0.19730835
United Arab Emirates,07-Jul,MUSE,All,Cross Brand Plus %,0.2027,0.2032,0.2296,0.2284,0.23079591
United Arab Emirates,07-Jul,MUSE,All,New Brand Adopters %,0.2221,0.2411,0.222,0.2249,0.229575767
United Arab Emirates,07-Jul,MUSE,All,Average Brands Shopped,1.25,1.26,1.31,1.32,1.263457991
United Arab Emirates,07-Jul,MUSE,All,Points Burned Value,1974599,1820645,3106575,3011924,
United Arab Emirates,08-Aug,MUSE,All,Total Sales,267750037,233866545,389602752,384000591,270538177
United Arab Emirates,08-Aug,MUSE,All,Sales Penetration,0.5823,0.5492,0.5663,0.5645,0.601520081
United Arab Emirates,08-Aug,MUSE,All,Transacting Members,427052,429709,573893,572763,420557.2866
United Arab Emirates,08-Aug,MUSE,All,New Members,213311,219196,321902,320696,214466.9813
United Arab Emirates,08-Aug,MUSE,All,Returning Members,213741,210513,251991,252067,206090.3053
United Arab Emirates,08-Aug,MUSE,All,Average Frequency,1.81,1.78,1.99,1.99,1.803471063
United Arab Emirates,08-Aug,MUSE,All,Average Order Value,346,305,341,337,350.0872773
United Arab Emirates,08-Aug,MUSE,All,Redeeming Members %,0.1714,0.1739,0.1714,0.172,0.204791249
United Arab Emirates,08-Aug,MUSE,All,Cross Brand Plus %,0.2124,0.2136,0.2308,0.2296,0.241394083
United Arab Emirates,08-Aug,MUSE,All,New Brand Adopters %,0.2272,0.2426,0.2217,0.2242,0.23510266
United Arab Emirates,08-Aug,MUSE,All,Average Brands Shopped,1.28,1.28,1.32,1.32,1.281331789
United Arab Emirates,08-Aug,MUSE,All,Points Burned Value,2192988,2010366,3144846,3116559,
United Arab Emirates,09-Sep,MUSE,All,Total Sales,296300587,257223918,394795928,389611951,298236161
United Arab Emirates,09-Sep,MUSE,All,Sales Penetration,0.5818,0.5492,0.5681,0.5662,0.601344108
United Arab Emirates,09-Sep,MUSE,All,Transacting Members,457520,458864,574732,573967,450123.1907
United Arab Emirates,09-Sep,MUSE,All,New Members,234100,239628,322260,321917,234997.0946
United Arab Emirates,09-Sep,MUSE,All,Returning Members,223420,219236,252472,252050,215126.0961
United Arab Emirates,09-Sep,MUSE,All,Average Frequency,1.85,1.83,1.99,1.99,1.848631668
United Arab Emirates,09-Sep,MUSE,All,Average Order Value,350,306,345,341,351.7714852
United Arab Emirates,09-Sep,MUSE,All,Redeeming Members %,0.1715,0.1746,0.1715,0.1714,0.213567059
United Arab Emirates,09-Sep,MUSE,All,Cross Brand Plus %,0.2202,0.2211,0.2327,0.2313,0.249875388
United Arab Emirates,09-Sep,MUSE,All,New Brand Adopters %,0.226,0.2412,0.2202,0.2218,0.237765509
United Arab Emirates,09-Sep,MUSE,All,Average Brands Shopped,1.29,1.3,1.32,1.32,1.294272868
United Arab Emirates,09-Sep,MUSE,All,Points Burned Value,2423664,2192005,3194443,3146171,
United Arab Emirates,10-Oct,MUSE,All,Total Sales,329970500,284566487,401123272,394801769,328856549
United Arab Emirates,10-Oct,MUSE,All,Sales Penetration,0.5789,0.5474,0.5696,0.568,0.599217908
United Arab Emirates,10-Oct,MUSE,All,Transacting Members,490755,491443,575237,574865,480504.7039
United Arab Emirates,10-Oct,MUSE,All,New Members,257417,264098,321107,322281,258145.8353
United Arab Emirates,10-Oct,MUSE,All,Returning Members,233338,227345,254130,252584,222358.8687
United Arab Emirates,10-Oct,MUSE,All,Average Frequency,1.89,1.87,1.99,1.99,1.891757808
United Arab Emirates,10-Oct,MUSE,All,Average Order Value,355,309,350,345,355.0793579
United Arab Emirates,10-Oct,MUSE,All,Redeeming Members %,0.1699,0.1742,0.1711,0.1717,0.221421383
United Arab Emirates,10-Oct,MUSE,All,Cross Brand Plus %,0.2265,0.2277,0.2344,0.233,0.259022587
United Arab Emirates,10-Oct,MUSE,All,New Brand Adopters %,0.2242,0.2378,0.22,0.2203,0.238312783
United Arab Emirates,10-Oct,MUSE,All,Average Brands Shopped,1.3,1.31,1.32,1.32,1.306166918
United Arab Emirates,10-Oct,MUSE,All,Points Burned Value,2644583,2401183,3211094,3195414,
United Arab Emirates,11-Nov,MUSE,All,Total Sales,370546780,317454864,408839863,401148334,372256323
United Arab Emirates,11-Nov,MUSE,All,Sales Penetration,0.5762,0.5454,0.5716,0.5697,0.596724364
United Arab Emirates,11-Nov,MUSE,All,Transacting Members,531286,529894,576279,575384,526588.0338
United Arab Emirates,11-Nov,MUSE,All,New Members,286391,293375,320809,321124,291465.7245
United Arab Emirates,11-Nov,MUSE,All,Returning Members,244895,236519,255470,254260,235122.3094
United Arab Emirates,11-Nov,MUSE,All,Average Frequency,1.95,1.93,2,1.99,1.946292487
United Arab Emirates,11-Nov,MUSE,All,Average Order Value,358,311,355,350,357.0563669
United Arab Emirates,11-Nov,MUSE,All,Redeeming Members %,0.1689,0.1745,0.1701,0.1712,0.226882906
United Arab Emirates,11-Nov,MUSE,All,Cross Brand Plus %,0.2342,0.2357,0.2377,0.2346,0.264477173
United Arab Emirates,11-Nov,MUSE,All,New Brand Adopters %,0.2216,0.2338,0.2196,0.2202,0.23833683
United Arab Emirates,11-Nov,MUSE,All,Average Brands Shopped,1.31,1.32,1.32,1.32,1.320060228
United Arab Emirates,11-Nov,MUSE,All,Points Burned Value,2938404,2654982,3252595,3212556,
United Arab Emirates,12-Dec,MUSE,All,Total Sales,415564136,355747947,415564136,408835432,412111027
United Arab Emirates,12-Dec,MUSE,All,Sales Penetration,0.574,0.544,0.574,0.572,0.58
United Arab Emirates,12-Dec,MUSE,All,Transacting Members,577693,574422,577693,576540,568222
United Arab Emirates,12-Dec,MUSE,All,New Members,320467,327793,320467,320854,312522
United Arab Emirates,12-Dec,MUSE,All,Returning Members,257226,246629,257226,255686,255700
United Arab Emirates,12-Dec,MUSE,All,Average Frequency,2,1.98,2,2,2.000156129
United Arab Emirates,12-Dec,MUSE,All,Average Order Value,359,313,359,355,359.1817714
United Arab Emirates,12-Dec,MUSE,All,Redeeming Members %,0.1662,0.1755,0.1662,0.1702,0.178
United Arab Emirates,12-Dec,MUSE,All,Cross Brand Plus %,0.2424,0.2448,0.2424,0.2383,0.245
United Arab Emirates,12-Dec,MUSE,All,New Brand Adopters %,0.2194,0.2299,0.2194,0.2199,0.222
United Arab Emirates,12-Dec,MUSE,All,Average Brands Shopped,1.32,1.34,1.32,1.32,1.334295863
United Arab Emirates,12-Dec,MUSE,All,Points Burned Value,3263249,2970500,3263249,3258803,
